ReviewsController.java,edu.ucsb.cs156.dining.controllers.ReviewsController,org.pitest.mutationtest.engine.gregor.mutators.returns.EmptyObjectReturnValsMutator,allReviews,69,KILLED,edu.ucsb.cs156.dining.controllers.ReviewsControllerTests.[engine:junit-jupiter]/[class:edu.ucsb.cs156.dining.controllers.ReviewsControllerTests]/[method:admin_user_can_get_all_reviews()]
ReviewsController.java,edu.ucsb.cs156.dining.controllers.ReviewsController,org.pitest.mutationtest.engine.gregor.mutators.returns.EmptyObjectReturnValsMutator,getReviewsByUser,83,KILLED,edu.ucsb.cs156.dining.controllers.ReviewsControllerTests.[engine:junit-jupiter]/[class:edu.ucsb.cs156.dining.controllers.ReviewsControllerTests]/[method:logged_in_user_can_get_reviews_by_user_id()]
ReviewsController.java,edu.ucsb.cs156.dining.controllers.ReviewsController,org.pitest.mutationtest.engine.gregor.mutators.returns.EmptyObjectReturnValsMutator,getReviewsNeedingModeration,96,KILLED,edu.ucsb.cs156.dining.controllers.ReviewsControllerTests.[engine:junit-jupiter]/[class:edu.ucsb.cs156.dining.controllers.ReviewsControllerTests]/[method:an_admin_user_can_get_reviews_needing_moderation()]
ReviewsController.java,edu.ucsb.cs156.dining.controllers.ReviewsController,org.pitest.mutationtest.engine.gregor.mutators.returns.NullReturnValsMutator,lambda$moderateReview$1,185,KILLED,edu.ucsb.cs156.dining.controllers.ReviewsControllerTests.[engine:junit-jupiter]/[class:edu.ucsb.cs156.dining.controllers.ReviewsControllerTests]/[method:admin_user_cannot_moderate_review_that_does_not_exist()]
ReviewsController.java,edu.ucsb.cs156.dining.controllers.ReviewsController,org.pitest.mutationtest.engine.gregor.mutators.returns.NullReturnValsMutator,lambda$updateReview$0,155,KILLED,edu.ucsb.cs156.dining.controllers.ReviewsControllerTests.[engine:junit-jupiter]/[class:edu.ucsb.cs156.dining.controllers.ReviewsControllerTests]/[method:logged_in_user_cannot_edit_review_that_does_not_exist()]
ReviewsController.java,edu.ucsb.cs156.dining.controllers.ReviewsController,org.pitest.mutationtest.engine.gregor.mutators.NegateConditionalsMutator,moderateReview,189,KILLED,edu.ucsb.cs156.dining.controllers.ReviewsControllerTests.[engine:junit-jupiter]/[class:edu.ucsb.cs156.dining.controllers.ReviewsControllerTests]/[method:admin_user_can_moderate_an_existing_review()]
ReviewsController.java,edu.ucsb.cs156.dining.controllers.ReviewsController,org.pitest.mutationtest.engine.gregor.mutators.VoidMethodCallMutator,moderateReview,193,KILLED,edu.ucsb.cs156.dining.controllers.ReviewsControllerTests.[engine:junit-jupiter]/[class:edu.ucsb.cs156.dining.controllers.ReviewsControllerTests]/[method:admin_user_can_moderate_an_existing_review()]
ReviewsController.java,edu.ucsb.cs156.dining.controllers.ReviewsController,org.pitest.mutationtest.engine.gregor.mutators.VoidMethodCallMutator,moderateReview,194,KILLED,edu.ucsb.cs156.dining.controllers.ReviewsControllerTests.[engine:junit-jupiter]/[class:edu.ucsb.cs156.dining.controllers.ReviewsControllerTests]/[method:admin_user_can_moderate_an_existing_review()]
ReviewsController.java,edu.ucsb.cs156.dining.controllers.ReviewsController,org.pitest.mutationtest.engine.gregor.mutators.VoidMethodCallMutator,moderateReview,195,KILLED,edu.ucsb.cs156.dining.controllers.ReviewsControllerTests.[engine:junit-jupiter]/[class:edu.ucsb.cs156.dining.controllers.ReviewsControllerTests]/[method:admin_user_can_moderate_an_existing_review()]
ReviewsController.java,edu.ucsb.cs156.dining.controllers.ReviewsController,org.pitest.mutationtest.engine.gregor.mutators.VoidMethodCallMutator,moderateReview,196,KILLED,edu.ucsb.cs156.dining.controllers.ReviewsControllerTests.[engine:junit-jupiter]/[class:edu.ucsb.cs156.dining.controllers.ReviewsControllerTests]/[method:admin_user_can_moderate_an_existing_review()]
ReviewsController.java,edu.ucsb.cs156.dining.controllers.ReviewsController,org.pitest.mutationtest.engine.gregor.mutators.returns.NullReturnValsMutator,moderateReview,200,KILLED,edu.ucsb.cs156.dining.controllers.ReviewsControllerTests.[engine:junit-jupiter]/[class:edu.ucsb.cs156.dining.controllers.ReviewsControllerTests]/[method:admin_user_can_moderate_an_existing_review()]
ReviewsController.java,edu.ucsb.cs156.dining.controllers.ReviewsController,org.pitest.mutationtest.engine.gregor.mutators.VoidMethodCallMutator,postReview,126,KILLED,edu.ucsb.cs156.dining.controllers.ReviewsControllerTests.[engine:junit-jupiter]/[class:edu.ucsb.cs156.dining.controllers.ReviewsControllerTests]/[method:logged_in_user_can_post_a_new_review()]
ReviewsController.java,edu.ucsb.cs156.dining.controllers.ReviewsController,org.pitest.mutationtest.engine.gregor.mutators.VoidMethodCallMutator,postReview,127,KILLED,edu.ucsb.cs156.dining.controllers.ReviewsControllerTests.[engine:junit-jupiter]/[class:edu.ucsb.cs156.dining.controllers.ReviewsControllerTests]/[method:logged_in_user_can_post_a_new_review()]
ReviewsController.java,edu.ucsb.cs156.dining.controllers.ReviewsController,org.pitest.mutationtest.engine.gregor.mutators.VoidMethodCallMutator,postReview,128,KILLED,edu.ucsb.cs156.dining.controllers.ReviewsControllerTests.[engine:junit-jupiter]/[class:edu.ucsb.cs156.dining.controllers.ReviewsControllerTests]/[method:logged_in_user_can_post_a_new_review()]
ReviewsController.java,edu.ucsb.cs156.dining.controllers.ReviewsController,org.pitest.mutationtest.engine.gregor.mutators.VoidMethodCallMutator,postReview,129,KILLED,edu.ucsb.cs156.dining.controllers.ReviewsControllerTests.[engine:junit-jupiter]/[class:edu.ucsb.cs156.dining.controllers.ReviewsControllerTests]/[method:logged_in_user_can_post_a_new_review()]
ReviewsController.java,edu.ucsb.cs156.dining.controllers.ReviewsController,org.pitest.mutationtest.engine.gregor.mutators.VoidMethodCallMutator,postReview,130,KILLED,edu.ucsb.cs156.dining.controllers.ReviewsControllerTests.[engine:junit-jupiter]/[class:edu.ucsb.cs156.dining.controllers.ReviewsControllerTests]/[method:logged_in_user_can_post_a_new_review()]
ReviewsController.java,edu.ucsb.cs156.dining.controllers.ReviewsController,org.pitest.mutationtest.engine.gregor.mutators.VoidMethodCallMutator,postReview,131,KILLED,edu.ucsb.cs156.dining.controllers.ReviewsControllerTests.[engine:junit-jupiter]/[class:edu.ucsb.cs156.dining.controllers.ReviewsControllerTests]/[method:logged_in_user_can_post_a_new_review()]
ReviewsController.java,edu.ucsb.cs156.dining.controllers.ReviewsController,org.pitest.mutationtest.engine.gregor.mutators.VoidMethodCallMutator,postReview,132,KILLED,edu.ucsb.cs156.dining.controllers.ReviewsControllerTests.[engine:junit-jupiter]/[class:edu.ucsb.cs156.dining.controllers.ReviewsControllerTests]/[method:logged_in_user_can_post_a_new_review()]
ReviewsController.java,edu.ucsb.cs156.dining.controllers.ReviewsController,org.pitest.mutationtest.engine.gregor.mutators.VoidMethodCallMutator,postReview,133,KILLED,edu.ucsb.cs156.dining.controllers.ReviewsControllerTests.[engine:junit-jupiter]/[class:edu.ucsb.cs156.dining.controllers.ReviewsControllerTests]/[method:logged_in_user_can_post_a_new_review()]
ReviewsController.java,edu.ucsb.cs156.dining.controllers.ReviewsController,org.pitest.mutationtest.engine.gregor.mutators.returns.NullReturnValsMutator,postReview,137,KILLED,edu.ucsb.cs156.dining.controllers.ReviewsControllerTests.[engine:junit-jupiter]/[class:edu.ucsb.cs156.dining.controllers.ReviewsControllerTests]/[method:logged_in_user_can_post_a_new_review()]
ReviewsController.java,edu.ucsb.cs156.dining.controllers.ReviewsController,org.pitest.mutationtest.engine.gregor.mutators.VoidMethodCallMutator,updateReview,157,KILLED,edu.ucsb.cs156.dining.controllers.ReviewsControllerTests.[engine:junit-jupiter]/[class:edu.ucsb.cs156.dining.controllers.ReviewsControllerTests]/[method:logged_in_user_can_edit_an_existing_review()]
ReviewsController.java,edu.ucsb.cs156.dining.controllers.ReviewsController,org.pitest.mutationtest.engine.gregor.mutators.VoidMethodCallMutator,updateReview,158,KILLED,edu.ucsb.cs156.dining.controllers.ReviewsControllerTests.[engine:junit-jupiter]/[class:edu.ucsb.cs156.dining.controllers.ReviewsControllerTests]/[method:logged_in_user_can_edit_an_existing_review()]
ReviewsController.java,edu.ucsb.cs156.dining.controllers.ReviewsController,org.pitest.mutationtest.engine.gregor.mutators.VoidMethodCallMutator,updateReview,159,KILLED,edu.ucsb.cs156.dining.controllers.ReviewsControllerTests.[engine:junit-jupiter]/[class:edu.ucsb.cs156.dining.controllers.ReviewsControllerTests]/[method:logged_in_user_can_edit_an_existing_review()]
ReviewsController.java,edu.ucsb.cs156.dining.controllers.ReviewsController,org.pitest.mutationtest.engine.gregor.mutators.VoidMethodCallMutator,updateReview,160,KILLED,edu.ucsb.cs156.dining.controllers.ReviewsControllerTests.[engine:junit-jupiter]/[class:edu.ucsb.cs156.dining.controllers.ReviewsControllerTests]/[method:logged_in_user_can_edit_an_existing_review()]
ReviewsController.java,edu.ucsb.cs156.dining.controllers.ReviewsController,org.pitest.mutationtest.engine.gregor.mutators.VoidMethodCallMutator,updateReview,161,KILLED,edu.ucsb.cs156.dining.controllers.ReviewsControllerTests.[engine:junit-jupiter]/[class:edu.ucsb.cs156.dining.controllers.ReviewsControllerTests]/[method:logged_in_user_can_edit_an_existing_review()]
ReviewsController.java,edu.ucsb.cs156.dining.controllers.ReviewsController,org.pitest.mutationtest.engine.gregor.mutators.VoidMethodCallMutator,updateReview,162,KILLED,edu.ucsb.cs156.dining.controllers.ReviewsControllerTests.[engine:junit-jupiter]/[class:edu.ucsb.cs156.dining.controllers.ReviewsControllerTests]/[method:logged_in_user_can_edit_an_existing_review()]
ReviewsController.java,edu.ucsb.cs156.dining.controllers.ReviewsController,org.pitest.mutationtest.engine.gregor.mutators.returns.NullReturnValsMutator,updateReview,166,KILLED,edu.ucsb.cs156.dining.controllers.ReviewsControllerTests.[engine:junit-jupiter]/[class:edu.ucsb.cs156.dining.controllers.ReviewsControllerTests]/[method:logged_in_user_can_edit_an_existing_review()]
UCSBDiningCommonsController.java,edu.ucsb.cs156.dining.controllers.UCSBDiningCommonsController,org.pitest.mutationtest.engine.gregor.mutators.returns.EmptyObjectReturnValsMutator,allCommonss,47,KILLED,edu.ucsb.cs156.dining.controllers.UCSBDiningCommonsControllerTests.[engine:junit-jupiter]/[class:edu.ucsb.cs156.dining.controllers.UCSBDiningCommonsControllerTests]/[method:logged_in_user_can_get_all_ucsbdiningcommons()]
UCSBDiningCommonsController.java,edu.ucsb.cs156.dining.controllers.UCSBDiningCommonsController,org.pitest.mutationtest.engine.gregor.mutators.VoidMethodCallMutator,deleteCommons,118,KILLED,edu.ucsb.cs156.dining.controllers.UCSBDiningCommonsControllerTests.[engine:junit-jupiter]/[class:edu.ucsb.cs156.dining.controllers.UCSBDiningCommonsControllerTests]/[method:admin_can_delete_a_date()]
UCSBDiningCommonsController.java,edu.ucsb.cs156.dining.controllers.UCSBDiningCommonsController,org.pitest.mutationtest.engine.gregor.mutators.returns.NullReturnValsMutator,deleteCommons,119,KILLED,edu.ucsb.cs156.dining.controllers.UCSBDiningCommonsControllerTests.[engine:junit-jupiter]/[class:edu.ucsb.cs156.dining.controllers.UCSBDiningCommonsControllerTests]/[method:admin_can_delete_a_date()]
UCSBDiningCommonsController.java,edu.ucsb.cs156.dining.controllers.UCSBDiningCommonsController,org.pitest.mutationtest.engine.gregor.mutators.returns.NullReturnValsMutator,getById,63,KILLED,edu.ucsb.cs156.dining.controllers.UCSBDiningCommonsControllerTests.[engine:junit-jupiter]/[class:edu.ucsb.cs156.dining.controllers.UCSBDiningCommonsControllerTests]/[method:test_that_logged_in_user_can_get_by_id_when_the_id_exists()]
UCSBDiningCommonsController.java,edu.ucsb.cs156.dining.controllers.UCSBDiningCommonsController,org.pitest.mutationtest.engine.gregor.mutators.returns.NullReturnValsMutator,lambda$deleteCommons$1,116,KILLED,edu.ucsb.cs156.dining.controllers.UCSBDiningCommonsControllerTests.[engine:junit-jupiter]/[class:edu.ucsb.cs156.dining.controllers.UCSBDiningCommonsControllerTests]/[method:admin_tries_to_delete_non_existant_commons_and_gets_right_error_message()]
UCSBDiningCommonsController.java,edu.ucsb.cs156.dining.controllers.UCSBDiningCommonsController,org.pitest.mutationtest.engine.gregor.mutators.returns.NullReturnValsMutator,lambda$getById$0,61,KILLED,edu.ucsb.cs156.dining.controllers.UCSBDiningCommonsControllerTests.[engine:junit-jupiter]/[class:edu.ucsb.cs156.dining.controllers.UCSBDiningCommonsControllerTests]/[method:test_that_logged_in_user_can_get_by_id_when_the_id_does_not_exist()]
UCSBDiningCommonsController.java,edu.ucsb.cs156.dining.controllers.UCSBDiningCommonsController,org.pitest.mutationtest.engine.gregor.mutators.returns.NullReturnValsMutator,lambda$updateCommons$2,136,KILLED,edu.ucsb.cs156.dining.controllers.UCSBDiningCommonsControllerTests.[engine:junit-jupiter]/[class:edu.ucsb.cs156.dining.controllers.UCSBDiningCommonsControllerTests]/[method:admin_cannot_edit_commons_that_does_not_exist()]
UCSBDiningCommonsController.java,edu.ucsb.cs156.dining.controllers.UCSBDiningCommonsController,org.pitest.mutationtest.engine.gregor.mutators.VoidMethodCallMutator,postCommons,92,KILLED,edu.ucsb.cs156.dining.controllers.UCSBDiningCommonsControllerTests.[engine:junit-jupiter]/[class:edu.ucsb.cs156.dining.controllers.UCSBDiningCommonsControllerTests]/[method:an_admin_user_can_post_a_new_commons()]
UCSBDiningCommonsController.java,edu.ucsb.cs156.dining.controllers.UCSBDiningCommonsController,org.pitest.mutationtest.engine.gregor.mutators.VoidMethodCallMutator,postCommons,93,KILLED,edu.ucsb.cs156.dining.controllers.UCSBDiningCommonsControllerTests.[engine:junit-jupiter]/[class:edu.ucsb.cs156.dining.controllers.UCSBDiningCommonsControllerTests]/[method:an_admin_user_can_post_a_new_commons()]
UCSBDiningCommonsController.java,edu.ucsb.cs156.dining.controllers.UCSBDiningCommonsController,org.pitest.mutationtest.engine.gregor.mutators.VoidMethodCallMutator,postCommons,94,KILLED,edu.ucsb.cs156.dining.controllers.UCSBDiningCommonsControllerTests.[engine:junit-jupiter]/[class:edu.ucsb.cs156.dining.controllers.UCSBDiningCommonsControllerTests]/[method:an_admin_user_can_post_a_new_commons()]
UCSBDiningCommonsController.java,edu.ucsb.cs156.dining.controllers.UCSBDiningCommonsController,org.pitest.mutationtest.engine.gregor.mutators.VoidMethodCallMutator,postCommons,95,KILLED,edu.ucsb.cs156.dining.controllers.UCSBDiningCommonsControllerTests.[engine:junit-jupiter]/[class:edu.ucsb.cs156.dining.controllers.UCSBDiningCommonsControllerTests]/[method:an_admin_user_can_post_a_new_commons()]
UCSBDiningCommonsController.java,edu.ucsb.cs156.dining.controllers.UCSBDiningCommonsController,org.pitest.mutationtest.engine.gregor.mutators.VoidMethodCallMutator,postCommons,96,KILLED,edu.ucsb.cs156.dining.controllers.UCSBDiningCommonsControllerTests.[engine:junit-jupiter]/[class:edu.ucsb.cs156.dining.controllers.UCSBDiningCommonsControllerTests]/[method:an_admin_user_can_post_a_new_commons()]
UCSBDiningCommonsController.java,edu.ucsb.cs156.dining.controllers.UCSBDiningCommonsController,org.pitest.mutationtest.engine.gregor.mutators.VoidMethodCallMutator,postCommons,97,KILLED,edu.ucsb.cs156.dining.controllers.UCSBDiningCommonsControllerTests.[engine:junit-jupiter]/[class:edu.ucsb.cs156.dining.controllers.UCSBDiningCommonsControllerTests]/[method:an_admin_user_can_post_a_new_commons()]
UCSBDiningCommonsController.java,edu.ucsb.cs156.dining.controllers.UCSBDiningCommonsController,org.pitest.mutationtest.engine.gregor.mutators.VoidMethodCallMutator,postCommons,98,KILLED,edu.ucsb.cs156.dining.controllers.UCSBDiningCommonsControllerTests.[engine:junit-jupiter]/[class:edu.ucsb.cs156.dining.controllers.UCSBDiningCommonsControllerTests]/[method:an_admin_user_can_post_a_new_commons()]
UCSBDiningCommonsController.java,edu.ucsb.cs156.dining.controllers.UCSBDiningCommonsController,org.pitest.mutationtest.engine.gregor.mutators.returns.NullReturnValsMutator,postCommons,102,KILLED,edu.ucsb.cs156.dining.controllers.UCSBDiningCommonsControllerTests.[engine:junit-jupiter]/[class:edu.ucsb.cs156.dining.controllers.UCSBDiningCommonsControllerTests]/[method:an_admin_user_can_post_a_new_commons()]
UCSBDiningCommonsController.java,edu.ucsb.cs156.dining.controllers.UCSBDiningCommonsController,org.pitest.mutationtest.engine.gregor.mutators.VoidMethodCallMutator,updateCommons,139,KILLED,edu.ucsb.cs156.dining.controllers.UCSBDiningCommonsControllerTests.[engine:junit-jupiter]/[class:edu.ucsb.cs156.dining.controllers.UCSBDiningCommonsControllerTests]/[method:admin_can_edit_an_existing_commons()]
UCSBDiningCommonsController.java,edu.ucsb.cs156.dining.controllers.UCSBDiningCommonsController,org.pitest.mutationtest.engine.gregor.mutators.VoidMethodCallMutator,updateCommons,140,KILLED,edu.ucsb.cs156.dining.controllers.UCSBDiningCommonsControllerTests.[engine:junit-jupiter]/[class:edu.ucsb.cs156.dining.controllers.UCSBDiningCommonsControllerTests]/[method:admin_can_edit_an_existing_commons()]
UCSBDiningCommonsController.java,edu.ucsb.cs156.dining.controllers.UCSBDiningCommonsController,org.pitest.mutationtest.engine.gregor.mutators.VoidMethodCallMutator,updateCommons,141,KILLED,edu.ucsb.cs156.dining.controllers.UCSBDiningCommonsControllerTests.[engine:junit-jupiter]/[class:edu.ucsb.cs156.dining.controllers.UCSBDiningCommonsControllerTests]/[method:admin_can_edit_an_existing_commons()]
UCSBDiningCommonsController.java,edu.ucsb.cs156.dining.controllers.UCSBDiningCommonsController,org.pitest.mutationtest.engine.gregor.mutators.VoidMethodCallMutator,updateCommons,142,KILLED,edu.ucsb.cs156.dining.controllers.UCSBDiningCommonsControllerTests.[engine:junit-jupiter]/[class:edu.ucsb.cs156.dining.controllers.UCSBDiningCommonsControllerTests]/[method:admin_can_edit_an_existing_commons()]
UCSBDiningCommonsController.java,edu.ucsb.cs156.dining.controllers.UCSBDiningCommonsController,org.pitest.mutationtest.engine.gregor.mutators.VoidMethodCallMutator,updateCommons,143,KILLED,edu.ucsb.cs156.dining.controllers.UCSBDiningCommonsControllerTests.[engine:junit-jupiter]/[class:edu.ucsb.cs156.dining.controllers.UCSBDiningCommonsControllerTests]/[method:admin_can_edit_an_existing_commons()]
UCSBDiningCommonsController.java,edu.ucsb.cs156.dining.controllers.UCSBDiningCommonsController,org.pitest.mutationtest.engine.gregor.mutators.VoidMethodCallMutator,updateCommons,144,KILLED,edu.ucsb.cs156.dining.controllers.UCSBDiningCommonsControllerTests.[engine:junit-jupiter]/[class:edu.ucsb.cs156.dining.controllers.UCSBDiningCommonsControllerTests]/[method:admin_can_edit_an_existing_commons()]
UCSBDiningCommonsController.java,edu.ucsb.cs156.dining.controllers.UCSBDiningCommonsController,org.pitest.mutationtest.engine.gregor.mutators.returns.NullReturnValsMutator,updateCommons,148,KILLED,edu.ucsb.cs156.dining.controllers.UCSBDiningCommonsControllerTests.[engine:junit-jupiter]/[class:edu.ucsb.cs156.dining.controllers.UCSBDiningCommonsControllerTests]/[method:admin_can_edit_an_existing_commons()]
UCSBDatesController.java,edu.ucsb.cs156.dining.controllers.UCSBDatesController,org.pitest.mutationtest.engine.gregor.mutators.returns.EmptyObjectReturnValsMutator,allUCSBDates,53,KILLED,edu.ucsb.cs156.dining.controllers.UCSBDatesControllerTests.[engine:junit-jupiter]/[class:edu.ucsb.cs156.dining.controllers.UCSBDatesControllerTests]/[method:logged_in_user_can_get_all_ucsbdates()]
UCSBDatesController.java,edu.ucsb.cs156.dining.controllers.UCSBDatesController,org.pitest.mutationtest.engine.gregor.mutators.VoidMethodCallMutator,deleteUCSBDate,119,KILLED,edu.ucsb.cs156.dining.controllers.UCSBDatesControllerTests.[engine:junit-jupiter]/[class:edu.ucsb.cs156.dining.controllers.UCSBDatesControllerTests]/[method:admin_can_delete_a_date()]
UCSBDatesController.java,edu.ucsb.cs156.dining.controllers.UCSBDatesController,org.pitest.mutationtest.engine.gregor.mutators.returns.NullReturnValsMutator,deleteUCSBDate,120,KILLED,edu.ucsb.cs156.dining.controllers.UCSBDatesControllerTests.[engine:junit-jupiter]/[class:edu.ucsb.cs156.dining.controllers.UCSBDatesControllerTests]/[method:admin_can_delete_a_date()]
UCSBDatesController.java,edu.ucsb.cs156.dining.controllers.UCSBDatesController,org.pitest.mutationtest.engine.gregor.mutators.returns.NullReturnValsMutator,getById,70,KILLED,edu.ucsb.cs156.dining.controllers.UCSBDatesControllerTests.[engine:junit-jupiter]/[class:edu.ucsb.cs156.dining.controllers.UCSBDatesControllerTests]/[method:test_that_logged_in_user_can_get_by_id_when_the_id_exists()]
UCSBDatesController.java,edu.ucsb.cs156.dining.controllers.UCSBDatesController,org.pitest.mutationtest.engine.gregor.mutators.returns.NullReturnValsMutator,lambda$deleteUCSBDate$1,117,KILLED,edu.ucsb.cs156.dining.controllers.UCSBDatesControllerTests.[engine:junit-jupiter]/[class:edu.ucsb.cs156.dining.controllers.UCSBDatesControllerTests]/[method:admin_tries_to_delete_non_existant_ucsbdate_and_gets_right_error_message()]
UCSBDatesController.java,edu.ucsb.cs156.dining.controllers.UCSBDatesController,org.pitest.mutationtest.engine.gregor.mutators.returns.NullReturnValsMutator,lambda$getById$0,68,KILLED,edu.ucsb.cs156.dining.controllers.UCSBDatesControllerTests.[engine:junit-jupiter]/[class:edu.ucsb.cs156.dining.controllers.UCSBDatesControllerTests]/[method:test_that_logged_in_user_can_get_by_id_when_the_id_does_not_exist()]
UCSBDatesController.java,edu.ucsb.cs156.dining.controllers.UCSBDatesController,org.pitest.mutationtest.engine.gregor.mutators.returns.NullReturnValsMutator,lambda$updateUCSBDate$2,138,KILLED,edu.ucsb.cs156.dining.controllers.UCSBDatesControllerTests.[engine:junit-jupiter]/[class:edu.ucsb.cs156.dining.controllers.UCSBDatesControllerTests]/[method:admin_cannot_edit_ucsbdate_that_does_not_exist()]
UCSBDatesController.java,edu.ucsb.cs156.dining.controllers.UCSBDatesController,org.pitest.mutationtest.engine.gregor.mutators.VoidMethodCallMutator,postUCSBDate,96,KILLED,edu.ucsb.cs156.dining.controllers.UCSBDatesControllerTests.[engine:junit-jupiter]/[class:edu.ucsb.cs156.dining.controllers.UCSBDatesControllerTests]/[method:an_admin_user_can_post_a_new_ucsbdate()]
UCSBDatesController.java,edu.ucsb.cs156.dining.controllers.UCSBDatesController,org.pitest.mutationtest.engine.gregor.mutators.VoidMethodCallMutator,postUCSBDate,97,KILLED,edu.ucsb.cs156.dining.controllers.UCSBDatesControllerTests.[engine:junit-jupiter]/[class:edu.ucsb.cs156.dining.controllers.UCSBDatesControllerTests]/[method:an_admin_user_can_post_a_new_ucsbdate()]
UCSBDatesController.java,edu.ucsb.cs156.dining.controllers.UCSBDatesController,org.pitest.mutationtest.engine.gregor.mutators.VoidMethodCallMutator,postUCSBDate,98,KILLED,edu.ucsb.cs156.dining.controllers.UCSBDatesControllerTests.[engine:junit-jupiter]/[class:edu.ucsb.cs156.dining.controllers.UCSBDatesControllerTests]/[method:an_admin_user_can_post_a_new_ucsbdate()]
UCSBDatesController.java,edu.ucsb.cs156.dining.controllers.UCSBDatesController,org.pitest.mutationtest.engine.gregor.mutators.returns.NullReturnValsMutator,postUCSBDate,102,KILLED,edu.ucsb.cs156.dining.controllers.UCSBDatesControllerTests.[engine:junit-jupiter]/[class:edu.ucsb.cs156.dining.controllers.UCSBDatesControllerTests]/[method:an_admin_user_can_post_a_new_ucsbdate()]
UCSBDatesController.java,edu.ucsb.cs156.dining.controllers.UCSBDatesController,org.pitest.mutationtest.engine.gregor.mutators.VoidMethodCallMutator,updateUCSBDate,140,KILLED,edu.ucsb.cs156.dining.controllers.UCSBDatesControllerTests.[engine:junit-jupiter]/[class:edu.ucsb.cs156.dining.controllers.UCSBDatesControllerTests]/[method:admin_can_edit_an_existing_ucsbdate()]
UCSBDatesController.java,edu.ucsb.cs156.dining.controllers.UCSBDatesController,org.pitest.mutationtest.engine.gregor.mutators.VoidMethodCallMutator,updateUCSBDate,141,KILLED,edu.ucsb.cs156.dining.controllers.UCSBDatesControllerTests.[engine:junit-jupiter]/[class:edu.ucsb.cs156.dining.controllers.UCSBDatesControllerTests]/[method:admin_can_edit_an_existing_ucsbdate()]
UCSBDatesController.java,edu.ucsb.cs156.dining.controllers.UCSBDatesController,org.pitest.mutationtest.engine.gregor.mutators.VoidMethodCallMutator,updateUCSBDate,142,KILLED,edu.ucsb.cs156.dining.controllers.UCSBDatesControllerTests.[engine:junit-jupiter]/[class:edu.ucsb.cs156.dining.controllers.UCSBDatesControllerTests]/[method:admin_can_edit_an_existing_ucsbdate()]
UCSBDatesController.java,edu.ucsb.cs156.dining.controllers.UCSBDatesController,org.pitest.mutationtest.engine.gregor.mutators.returns.NullReturnValsMutator,updateUCSBDate,146,KILLED,edu.ucsb.cs156.dining.controllers.UCSBDatesControllerTests.[engine:junit-jupiter]/[class:edu.ucsb.cs156.dining.controllers.UCSBDatesControllerTests]/[method:admin_can_edit_an_existing_ucsbdate()]
RestaurantsController.java,edu.ucsb.cs156.dining.controllers.RestaurantsController,org.pitest.mutationtest.engine.gregor.mutators.returns.EmptyObjectReturnValsMutator,allRestaurants,45,KILLED,edu.ucsb.cs156.dining.controllers.RestaurantsControllerTests.[engine:junit-jupiter]/[class:edu.ucsb.cs156.dining.controllers.RestaurantsControllerTests]/[method:logged_in_user_can_get_all_restaurants()]
RestaurantsController.java,edu.ucsb.cs156.dining.controllers.RestaurantsController,org.pitest.mutationtest.engine.gregor.mutators.VoidMethodCallMutator,deleteRestaurant,98,KILLED,edu.ucsb.cs156.dining.controllers.RestaurantsControllerTests.[engine:junit-jupiter]/[class:edu.ucsb.cs156.dining.controllers.RestaurantsControllerTests]/[method:admin_can_delete_a_restaurant()]
RestaurantsController.java,edu.ucsb.cs156.dining.controllers.RestaurantsController,org.pitest.mutationtest.engine.gregor.mutators.returns.NullReturnValsMutator,deleteRestaurant,99,KILLED,edu.ucsb.cs156.dining.controllers.RestaurantsControllerTests.[engine:junit-jupiter]/[class:edu.ucsb.cs156.dining.controllers.RestaurantsControllerTests]/[method:admin_can_delete_a_restaurant()]
RestaurantsController.java,edu.ucsb.cs156.dining.controllers.RestaurantsController,org.pitest.mutationtest.engine.gregor.mutators.returns.NullReturnValsMutator,getById,61,KILLED,edu.ucsb.cs156.dining.controllers.RestaurantsControllerTests.[engine:junit-jupiter]/[class:edu.ucsb.cs156.dining.controllers.RestaurantsControllerTests]/[method:test_that_logged_in_user_can_get_by_id_when_the_id_exists()]
RestaurantsController.java,edu.ucsb.cs156.dining.controllers.RestaurantsController,org.pitest.mutationtest.engine.gregor.mutators.returns.NullReturnValsMutator,lambda$deleteRestaurant$1,96,KILLED,edu.ucsb.cs156.dining.controllers.RestaurantsControllerTests.[engine:junit-jupiter]/[class:edu.ucsb.cs156.dining.controllers.RestaurantsControllerTests]/[method:admin_tries_to_delete_non_existant_restaurant_and_gets_right_error_message()]
RestaurantsController.java,edu.ucsb.cs156.dining.controllers.RestaurantsController,org.pitest.mutationtest.engine.gregor.mutators.returns.NullReturnValsMutator,lambda$getById$0,59,KILLED,edu.ucsb.cs156.dining.controllers.RestaurantsControllerTests.[engine:junit-jupiter]/[class:edu.ucsb.cs156.dining.controllers.RestaurantsControllerTests]/[method:test_that_logged_in_user_can_get_by_id_when_the_id_does_not_exist()]
RestaurantsController.java,edu.ucsb.cs156.dining.controllers.RestaurantsController,org.pitest.mutationtest.engine.gregor.mutators.returns.NullReturnValsMutator,lambda$updateRestaurant$2,116,KILLED,edu.ucsb.cs156.dining.controllers.RestaurantsControllerTests.[engine:junit-jupiter]/[class:edu.ucsb.cs156.dining.controllers.RestaurantsControllerTests]/[method:admin_cannot_edit_restaurant_that_does_not_exist()]
RestaurantsController.java,edu.ucsb.cs156.dining.controllers.RestaurantsController,org.pitest.mutationtest.engine.gregor.mutators.VoidMethodCallMutator,postRestaurant,78,KILLED,edu.ucsb.cs156.dining.controllers.RestaurantsControllerTests.[engine:junit-jupiter]/[class:edu.ucsb.cs156.dining.controllers.RestaurantsControllerTests]/[method:an_admin_user_can_post_a_new_restaurant()]
RestaurantsController.java,edu.ucsb.cs156.dining.controllers.RestaurantsController,org.pitest.mutationtest.engine.gregor.mutators.VoidMethodCallMutator,postRestaurant,79,KILLED,edu.ucsb.cs156.dining.controllers.RestaurantsControllerTests.[engine:junit-jupiter]/[class:edu.ucsb.cs156.dining.controllers.RestaurantsControllerTests]/[method:an_admin_user_can_post_a_new_restaurant()]
RestaurantsController.java,edu.ucsb.cs156.dining.controllers.RestaurantsController,org.pitest.mutationtest.engine.gregor.mutators.returns.NullReturnValsMutator,postRestaurant,82,KILLED,edu.ucsb.cs156.dining.controllers.RestaurantsControllerTests.[engine:junit-jupiter]/[class:edu.ucsb.cs156.dining.controllers.RestaurantsControllerTests]/[method:an_admin_user_can_post_a_new_restaurant()]
RestaurantsController.java,edu.ucsb.cs156.dining.controllers.RestaurantsController,org.pitest.mutationtest.engine.gregor.mutators.VoidMethodCallMutator,updateRestaurant,118,KILLED,edu.ucsb.cs156.dining.controllers.RestaurantsControllerTests.[engine:junit-jupiter]/[class:edu.ucsb.cs156.dining.controllers.RestaurantsControllerTests]/[method:admin_can_edit_an_existing_restaurant()]
RestaurantsController.java,edu.ucsb.cs156.dining.controllers.RestaurantsController,org.pitest.mutationtest.engine.gregor.mutators.VoidMethodCallMutator,updateRestaurant,119,KILLED,edu.ucsb.cs156.dining.controllers.RestaurantsControllerTests.[engine:junit-jupiter]/[class:edu.ucsb.cs156.dining.controllers.RestaurantsControllerTests]/[method:admin_can_edit_an_existing_restaurant()]
RestaurantsController.java,edu.ucsb.cs156.dining.controllers.RestaurantsController,org.pitest.mutationtest.engine.gregor.mutators.returns.NullReturnValsMutator,updateRestaurant,123,KILLED,edu.ucsb.cs156.dining.controllers.RestaurantsControllerTests.[engine:junit-jupiter]/[class:edu.ucsb.cs156.dining.controllers.RestaurantsControllerTests]/[method:admin_can_edit_an_existing_restaurant()]
DiningCommonsService.java,edu.ucsb.cs156.dining.services.DiningCommonsService,org.pitest.mutationtest.engine.gregor.mutators.VoidMethodCallMutator,getAllDiningCommons,42,KILLED,edu.ucsb.cs156.dining.services.DiningCommonsServiceTest.[engine:junit-jupiter]/[class:edu.ucsb.cs156.dining.services.DiningCommonsServiceTest]/[method:testGetAllDiningCommons_Success()]
DiningCommonsService.java,edu.ucsb.cs156.dining.services.DiningCommonsService,org.pitest.mutationtest.engine.gregor.mutators.VoidMethodCallMutator,getAllDiningCommons,43,KILLED,edu.ucsb.cs156.dining.services.DiningCommonsServiceTest.[engine:junit-jupiter]/[class:edu.ucsb.cs156.dining.services.DiningCommonsServiceTest]/[method:testGetAllDiningCommons_Success()]
DiningCommonsService.java,edu.ucsb.cs156.dining.services.DiningCommonsService,org.pitest.mutationtest.engine.gregor.mutators.VoidMethodCallMutator,getAllDiningCommons,44,KILLED,edu.ucsb.cs156.dining.services.DiningCommonsServiceTest.[engine:junit-jupiter]/[class:edu.ucsb.cs156.dining.services.DiningCommonsServiceTest]/[method:testGetAllDiningCommons_NullResponse()]
DiningCommonsService.java,edu.ucsb.cs156.dining.services.DiningCommonsService,org.pitest.mutationtest.engine.gregor.mutators.returns.EmptyObjectReturnValsMutator,getAllDiningCommons,54,KILLED,edu.ucsb.cs156.dining.services.DiningCommonsServiceTest.[engine:junit-jupiter]/[class:edu.ucsb.cs156.dining.services.DiningCommonsServiceTest]/[method:testGetAllDiningCommons_Success()]
ApiController.java,edu.ucsb.cs156.dining.controllers.ApiController,org.pitest.mutationtest.engine.gregor.mutators.returns.NullReturnValsMutator,genericMessage,38,KILLED,edu.ucsb.cs156.dining.controllers.UCSBDiningCommonsControllerTests.[engine:junit-jupiter]/[class:edu.ucsb.cs156.dining.controllers.UCSBDiningCommonsControllerTests]/[method:admin_can_delete_a_date()]
ApiController.java,edu.ucsb.cs156.dining.controllers.ApiController,org.pitest.mutationtest.engine.gregor.mutators.returns.NullReturnValsMutator,getCurrentUser,29,KILLED,edu.ucsb.cs156.dining.controllers.UserInfoControllerTests.[engine:junit-jupiter]/[class:edu.ucsb.cs156.dining.controllers.UserInfoControllerTests]/[method:currentUser__logged_in()]
ApiController.java,edu.ucsb.cs156.dining.controllers.ApiController,org.pitest.mutationtest.engine.gregor.mutators.returns.NullReturnValsMutator,handleGenericException,49,KILLED,edu.ucsb.cs156.dining.controllers.UCSBDiningCommonsControllerTests.[engine:junit-jupiter]/[class:edu.ucsb.cs156.dining.controllers.UCSBDiningCommonsControllerTests]/[method:test_that_logged_in_user_can_get_by_id_when_the_id_does_not_exist()]
CurrentUserService.java,edu.ucsb.cs156.dining.services.CurrentUserService,org.pitest.mutationtest.engine.gregor.mutators.NegateConditionalsMutator,isLoggedIn,42,KILLED,edu.ucsb.cs156.dining.services.CurrentUserServiceTests.[engine:junit-jupiter]/[class:edu.ucsb.cs156.dining.services.CurrentUserServiceTests]/[method:test_isLoggedIn_returns_true()]
CurrentUserService.java,edu.ucsb.cs156.dining.services.CurrentUserService,org.pitest.mutationtest.engine.gregor.mutators.returns.BooleanTrueReturnValsMutator,isLoggedIn,42,KILLED,edu.ucsb.cs156.dining.services.CurrentUserServiceTests.[engine:junit-jupiter]/[class:edu.ucsb.cs156.dining.services.CurrentUserServiceTests]/[method:test_isLoggedIn_returns_false()]
DiningCommonsController.java,edu.ucsb.cs156.dining.controllers.DiningCommonsController,org.pitest.mutationtest.engine.gregor.mutators.returns.EmptyObjectReturnValsMutator,getAllDiningCommons,26,KILLED,edu.ucsb.cs156.dining.controllers.DiningCommonsControllerTests.[engine:junit-jupiter]/[class:edu.ucsb.cs156.dining.controllers.DiningCommonsControllerTests]/[method:test_getAllDiningCommons()]
CSRFController.java,edu.ucsb.cs156.dining.controllers.CSRFController,org.pitest.mutationtest.engine.gregor.mutators.returns.NullReturnValsMutator,csrf,33,KILLED,edu.ucsb.cs156.dining.controllers.CSRFControllerTests.[engine:junit-jupiter]/[class:edu.ucsb.cs156.dining.controllers.CSRFControllerTests]/[method:csrf_returns_ok()]
SystemInfoController.java,edu.ucsb.cs156.dining.controllers.SystemInfoController,org.pitest.mutationtest.engine.gregor.mutators.returns.NullReturnValsMutator,getSystemInfo,43,KILLED,edu.ucsb.cs156.dining.controllers.SystemInfoControllerTests.[engine:junit-jupiter]/[class:edu.ucsb.cs156.dining.controllers.SystemInfoControllerTests]/[method:systemInfo__admin_logged_in()]
SystemInfoServiceImpl.java,edu.ucsb.cs156.dining.services.SystemInfoServiceImpl,org.pitest.mutationtest.engine.gregor.mutators.returns.NullReturnValsMutator,getSystemInfo,43,KILLED,edu.ucsb.cs156.dining.services.SystemInfoServiceImplTests.[engine:junit-jupiter]/[class:edu.ucsb.cs156.dining.services.SystemInfoServiceImplTests]/[method:test_getSystemInfo()]
UsersController.java,edu.ucsb.cs156.dining.controllers.UsersController,org.pitest.mutationtest.engine.gregor.mutators.returns.NullReturnValsMutator,users,46,KILLED,edu.ucsb.cs156.dining.controllers.UsersControllerTests.[engine:junit-jupiter]/[class:edu.ucsb.cs156.dining.controllers.UsersControllerTests]/[method:users__admin_logged_in()]
UserInfoController.java,edu.ucsb.cs156.dining.controllers.UserInfoController,org.pitest.mutationtest.engine.gregor.mutators.returns.NullReturnValsMutator,getCurrentUser,31,KILLED,edu.ucsb.cs156.dining.controllers.UserInfoControllerTests.[engine:junit-jupiter]/[class:edu.ucsb.cs156.dining.controllers.UserInfoControllerTests]/[method:currentUser__logged_in()]
